{
  "metadata": {
    "width": 1920,
    "height": 1080,
    "fps": 59.94005994005994,
    "frame_count": 442,
    "duration": 7.374033333333333,
    "codec": "h264",
    "file_size_mb": 26.4210205078125
  },
  "quality": {
    "quality_score": 0.39071798553751963,
    "raw_score": 0.13154065608978271,
    "interpretation": "Fair",
    "description": "Acceptable quality with noticeable distortions",
    "model_used": "FasterVQA"
  },
  "resolution": {
    "nominal_resolution": "1920x1080",
    "nominal_width": 1920,
    "nominal_height": 1080,
    "total_pixels": 2073600,
    "average_sharpness": 1077.0603288325517,
    "min_sharpness": 737.8866036053694,
    "max_sharpness": 2259.5264109790464,
    "sharpness_std": 321.60912819433764,
    "sharpness_quality": "Excellent",
    "average_blur": 0.0,
    "min_blur": 0.0,
    "max_blur": 0.0,
    "blur_std": 0.0,
    "blur_quality": "Excellent",
    "has_excessive_blur": "False",
    "average_edge_density": 0.10315354938271606,
    "potentially_upscaled": false,
    "sharpness_scores": [
      2259.5264109790464,
      1412.412358308617,
      1331.9286168980132,
      1352.0220186560502,
      1757.2736737994235,
      1113.9138800165892,
      1169.0343545743629,
      1162.0492220870574,
      1592.4094974745674,
      1067.2295895445834,
      984.8595123666087,
      951.4431543442441,
      1074.834373898983,
      824.7783246726091,
      844.757271238601,
      830.0572380155083,
      951.7655540351852,
      914.2285183504885,
      928.7781204944481,
      951.1838839451235,
      955.6186940523868,
      971.7733892442151,
      905.7177706061241,
      910.0359716782862,
      934.6251909721988,
      873.0253408442678,
      797.1910251934365,
      919.9703390133685,
      831.4799660667893,
      737.8866036053694
    ],
    "blur_scores": [
      0.0,
      0.0,
      0.0,
      0.0,
      0.0,
      0.0,
      0.0,
      0.0,
      0.0,
      0.0,
      0.0,
      0.0,
      0.0,
      0.0,
      0.0,
      0.0,
      0.0,
      0.0,
      0.0,
      0.0,
      0.0,
      0.0,
      0.0,
      0.0,
      0.0,
      0.0,
      0.0,
      0.0,
      0.0,
      0.0
    ],
    "frame_indices": [
      0,
      10,
      20,
      30,
      41,
      51,
      61,
      72,
      82,
      92,
      103,
      113,
      123,
      134,
      144,
      154,
      164,
      175,
      185,
      195,
      206,
      216,
      226,
      237,
      247,
      257,
      268,
      278,
      288,
      299
    ]
  },
  "temporal": {
    "flickering": {
      "has_flickering": "False",
      "severity": "None",
      "brightness_std": 0.2101367780770894,
      "brightness_mean_change": 0.16386269399799763,
      "spike_frames": [],
      "num_spikes": 0,
      "dominant_frequency": 0.0033333333333333335,
      "brightness_values": [
        115.14647183641975,
        115.40672791280865,
        115.42014612268518,
        115.41994743441359,
        115.57276572145062,
        115.6714419367284,
        115.53336950231481,
        115.75975356867283,
        115.9442293595679,
        115.8634375,
        115.80091145833333,
        115.70619598765433,
        115.90750048225308,
        115.9500675154321,
        115.73175491898148,
        115.88612413194444,
        116.0378694058642,
        115.97184751157407,
        115.90637972608025,
        115.91068817515432,
        116.11440731095679,
        116.06241994598766,
        115.95943913966049,
        116.08752025462962,
        116.1034162808642,
        115.86222463348766,
        115.96657937885803,
        116.1148403742284,
        116.05252266589507,
        115.9486680169753,
        115.89122926311728,
        116.15440152391976,
        116.32508584104939,
        116.08618200231481,
        116.2138710455247,
        116.41362461419753,
        116.41306037808641,
        116.46986930941358,
        116.56384066358025,
        116.80021460262346,
        116.76307339891976,
        116.33152440200617,
        116.56527633101852,
        116.82430507330247,
        116.66451822916666,
        116.90590711805555,
        117.12657986111111,
        117.252567033179,
        117.32216242283951,
        117.3631428433642,
        117.5613638117284,
        117.71920669367285,
        117.54131269290123,
        117.78322530864197,
        117.97152922453704,
        118.07430169753087,
        118.07743055555555,
        117.93804880401234,
        118.13053481867284,
        118.24879099151235,
        118.0727768132716,
        118.26148582175927,
        118.33766830632716,
        118.08322627314814,
        118.22067901234568,
        118.33997106481482,
        118.28628375771605,
        118.29793643904321,
        118.26275125385803,
        118.46802324459877,
        118.5826880787037,
        118.37217496141976,
        118.4608063271605,
        118.58948543595679,
        118.31627700617284,
        118.10828173225309,
        117.74943479938271,
        117.73272087191359,
        117.17591772762346,
        116.6232494212963,
        116.54840470679012,
        116.00059799382716,
        114.80064477237654,
        114.39222077546296,
        114.20566792052469,
        113.4188956404321,
        112.93707609953704,
        112.08502218364198,
        111.97202690972222,
        111.44865354938271,
        110.86459924768519,
        110.40271122685185,
        110.36275993441357,
        110.17644338348765,
        110.00059606481481,
        109.75592881944445,
        109.85967206790123,
        109.82908468364198,
        109.4699184992284,
        109.42105854552469,
        109.55266637731482,
        109.30465084876543,
        109.60175877700617,
        109.7903660300926,
        109.84357108410494,
        109.92602816358024,
        110.00858555169754,
        110.24928481867283,
        110.53821325231482,
        110.39352141203703,
        110.64275655864198,
        110.85113233024691,
        110.93541763117284,
        111.0011472800926,
        110.98902633101852,
        111.21526186342592,
        111.34072579089506,
        111.2108878279321,
        111.33970920138889,
        111.57542390046297,
        111.4390769675926,
        111.82396219135802,
        112.08971354166667,
        112.1102700617284,
        112.21775028935186,
        112.38688802083334,
        112.64218026620371,
        112.8618180941358,
        112.75918161651235,
        112.96567997685185,
        113.1337181712963,
        113.09281828703703,
        113.1451885609568,
        113.20496576003086,
        113.47948640046296,
        113.80988715277778,
        113.66908420138888,
        113.92107831790123,
        114.10768422067902,
        114.17453076774692,
        114.20753954475309,
        114.44070216049383,
        114.51113811728395,
        114.57094714506172,
        114.65247540509259,
        114.9068889853395,
        115.16334635416666,
        115.03669801311729,
        115.25923032407407,
        115.46363136574074,
        115.49959972993827,
        115.61090084876543,
        115.68484519675926,
        115.83980034722222,
        116.06721305941358,
        115.88287471064815,
        116.20038435570987,
        116.34528501157408,
        116.269542341821,
        116.23093508873457,
        116.33740692515433,
        116.36550298996913,
        116.31960069444445,
        116.00942467206791,
        116.16053288966049,
        116.31872106481481,
        116.1470027970679,
        116.07346450617284,
        116.16653935185185,
        115.98211709104939,
        115.99107204861112,
        116.26413483796296,
        116.41556037808643,
        116.49854359567901,
        116.42418499228395,
        116.34689670138889,
        116.51180941358025,
        116.72000819830247,
        116.59843942901234,
        116.86726996527777,
        117.01412856867285,
        116.89543113425925,
        117.1903940007716,
        117.36590470679012,
        117.60388117283951,
