{
  "metadata": {
    "width": 3840,
    "height": 2160,
    "fps": 23.976023976023978,
    "frame_count": 212,
    "duration": 8.842166666666666,
    "codec": "h264",
    "file_size_mb": 28.151927947998047
  },
  "quality": {
    "quality_score": 0.34246673746233414,
    "raw_score": 0.12402375042438507,
    "interpretation": "Fair",
    "description": "Acceptable quality with noticeable distortions",
    "model_used": "FasterVQA"
  },
  "resolution": {
    "nominal_resolution": "3840x2160",
    "nominal_width": 3840,
    "nominal_height": 2160,
    "total_pixels": 8294400,
    "average_sharpness": 83.11862904858863,
    "min_sharpness": 69.27462505685614,
    "max_sharpness": 103.77138923231253,
    "sharpness_std": 9.663194265486855,
    "sharpness_quality": "Fair",
    "average_blur": 0.0,
    "min_blur": 0.0,
    "max_blur": 0.0,
    "blur_std": 0.0,
    "blur_quality": "Excellent",
    "has_excessive_blur": "False",
    "average_edge_density": 0.014741930298353911,
    "potentially_upscaled": "True",
    "sharpness_scores": [
      88.71998179483086,
      83.58828267839544,
      72.30227743402156,
      71.11917666279238,
      69.27462505685614,
      72.01690193923231,
      82.2075758170598,
      71.52627758572912,
      71.78887934802763,
      72.55459682341164,
      98.16567068461377,
      89.12698369907342,
      90.55141671096108,
      76.91378711615461,
      75.44836718958605,
      77.20963058676708,
      77.97331657320677,
      92.13776837370867,
      79.3655434955946,
      80.55204668064732,
      95.65870304912981,
      103.77138923231253,
      99.0786383516496,
      82.06311149178487,
      82.69078520244898,
      81.9684810188315,
      82.58857902805183,
      82.25700556874092,
      102.28561016977241,
      88.65346209426625
    ],
    "blur_scores": [
      0.0,
      0.0,
      0.0,
      0.0,
      0.0,
      0.0,
      0.0,
      0.0,
      0.0,
      0.0,
      0.0,
      0.0,
      0.0,
      0.0,
      0.0,
      0.0,
      0.0,
      0.0,
      0.0,
      0.0,
      0.0,
      0.0,
      0.0,
      0.0,
      0.0,
      0.0,
      0.0,
      0.0,
      0.0,
      0.0
    ],
    "frame_indices": [
      0,
      7,
      14,
      21,
      29,
      36,
      43,
      50,
      58,
      65,
      72,
      80,
      87,
      94,
      101,
      109,
      116,
      123,
      130,
      138,
      145,
      152,
      160,
      167,
      174,
      181,
      189,
      196,
      203,
      211
    ]
  },
  "temporal": {
    "flickering": {
      "has_flickering": "False",
      "severity": "None",
      "brightness_std": 0.21012819824993492,
      "brightness_mean_change": 0.19829797401135885,
      "spike_frames": [],
      "num_spikes": 0,
      "dominant_frequency": 0.0047169811320754715,
      "brightness_values": [
        66.80503797743056,
        66.98545163001543,
        67.01788134162808,
        66.73298623167439,
        66.99132257908951,
        66.79888708043981,
        66.83454535590278,
        66.51672164351852,
        66.82934666763117,
        66.60565622588734,
        66.623076171875,
        66.33107795621142,
        66.57822506751543,
        66.46236713927469,
        66.43525197723766,
        66.13138563368055,
        66.39312102141204,
        66.2635147810571,
        66.246416015625,
        65.94429398148148,
        66.20192961516204,
        66.10460250289351,
        66.0634124228395,
        65.78184148341049,
        66.04239559220679,
        65.95070867091049,
        65.89426070601851,
        65.60516022858796,
        65.8648679832176,
        65.7466754677855,
        65.6856211419753,
        65.40735182773919,
        65.62748131269291,
        65.55313681520062,
        65.50318913966049,
        65.26807267554013,
        65.47556785300925,
        65.37661313657408,
        65.3211897183642,
        65.03606674382716,
        65.28775161554783,
        65.16278163580247,
        65.1410992959105,
        64.84526656539352,
        65.0978049045139,
        64.96888249903549,
        64.9461484857253,
        64.64249409239969,
        64.89180398823302,
        64.77726405767747,
        64.74560775945216,
        64.44949930073302,
        64.69001434702932,
        64.57966808931327,
        64.55445131655092,
        64.25708996431327,
        64.5069620466821,
        64.39853841145833,
        64.38951847029321,
        64.08189549575617,
        64.33940863715277,
        64.20729902102623,
        64.18345003858025,
        63.879606722608024,
        64.14757233796297,
        63.91533191068673,
        64.01567358699846,
        63.636689694251544,
        63.87778356481481,
        63.72514130015432,
        63.7033479214892,
        63.385225815007715,
        63.31826400945216,
        63.53755750868056,
        63.46619044174383,
        63.4420588589892,
        63.12222812982253,
        63.35707019193673,
        63.199293378665125,
        63.13886272665895,
        62.81877917631173,
        63.058076413001544,
        62.926017312885804,
        62.86994321469908,
        62.554939597800924,
        62.6701774691358,
        62.66442153742284,
        62.38477261766975,
        62.605665027006175,
        62.48521846064815,
        62.4266732976466,
        62.112178819444445,
        62.31173502604167,
        62.19285903742284,
        62.063015407986114,
        61.79550033757716,
        61.9952921248071,
        61.89797284915124,
        61.805293089313274,
        61.482912567515434,
        61.686397690007716,
        61.53918438946759,
        61.463405068479936,
        61.15655176986883,
        61.35511284722222,
        61.18624782986111,
        61.122884958526235,
        60.81633113908179,
        61.04578800154321,
        60.845370973186725,
        60.82226634837963,
        60.463229287229936,
        60.652177131558645,
        60.49745949074074,
        60.36479275173611,
        60.04740005304784,
        60.24597728587963,
        60.09371117862654,
        60.02412543402778,
        59.70563657407408,
        59.931644965277776,
        59.72311897183642,
        59.702887972608025,
        59.342694950810184,
        59.55873709972994,
        59.29402138792438,
        59.35054591049383,
        58.93051492573302,
        59.13754906925154,
        58.928869960455245,
        58.85050853587963,
        58.497947530864195,
        58.6977555941358,
        58.48636899594907,
        58.39527126736111,
        58.056260971257714,
        58.233391203703704,
        58.01330994405864,
        57.928690321180554,
        57.569128206983024,
        57.759412856867286,
        57.539007040895065,
        57.42862087673611,
        57.08897726176698,
        56.9249341724537,
        57.093959418402775,
        56.97139877507716,
        56.92067696277006,
        56.53484375,
        56.70482699170525,
        56.4999486400463,
        56.41086504147376,
        56.02762876157407,
        56.1711408902392,
        55.85517879533179,
        55.900742669753086,
        55.46434510030864,
        55.657591869212965,
        55.46942310474537,
        55.3115128279321,
        54.96487160011574,
        55.130246069637344,
        54.910162519290125,
        54.80041256751543,
        54.44054000289352,
        54.60003785686728,
        54.30526897665895,
        54.2371174527392,
        53.779792390046296,
        53.93781406732253,
        53.68999288676697,
        53.52575520833334,
        53.143000578703706,
        53.27547260802469,
        53.018054591049385,
        52.90076220100308,
        52.50071747202932,
        52.64018180941358,
        52.331902608989196,
        52.257452859760804,
        51.79625663097994,
        51.799471571180554,
        51.71715952932099,
        51.276634355709874,
        51.34439597800926,
        50.998711419753086,
        50.99783058449074,
        50.50796332465278,
        50.62450810185185,
        50.321396484375,
        50.1928205777392,
