{
  "metadata": {
    "width": 3840,
    "height": 2160,
    "fps": 59.94005994005994,
    "frame_count": 654,
    "duration": 10.9109,
    "codec": "h264",
    "file_size_mb": 33.30028533935547
  },
  "quality": {
    "quality_score": 0.2951617577144665,
    "raw_score": 0.11614194512367249,
    "interpretation": "Fair",
    "description": "Acceptable quality with noticeable distortions",
    "model_used": "FasterVQA"
  },
  "resolution": {
    "nominal_resolution": "3840x2160",
    "nominal_width": 3840,
    "nominal_height": 2160,
    "total_pixels": 8294400,
    "average_sharpness": 73.17357929590818,
    "min_sharpness": 50.15413073554595,
    "max_sharpness": 91.86607937866954,
    "sharpness_std": 11.752363356518188,
    "sharpness_quality": "Fair",
    "average_blur": 0.0,
    "min_blur": 0.0,
    "max_blur": 0.0,
    "blur_std": 0.0,
    "blur_quality": "Excellent",
    "has_excessive_blur": "False",
    "average_edge_density": 0.023788588284465024,
    "potentially_upscaled": "True",
    "sharpness_scores": [
      84.63435052406322,
      73.92692587703488,
      65.29255215158906,
      84.8121431281902,
      85.41719316614243,
      79.43204854101492,
      77.68494996443104,
      81.79920340139311,
      87.03019856632051,
      79.54561313177247,
      78.45423586995888,
      77.20331882936233,
      72.24552348538953,
      71.6138926189194,
      71.89613159571321,
      68.87494549871943,
      66.33212153490487,
      64.26594845692507,
      55.45862485530309,
      50.99109905468133,
      50.15413073554595,
      58.80453426374148,
      53.52697782471877,
      58.551313758377916,
      70.43960913230968,
      74.68772726095055,
      81.84494467932883,
      91.77553683610785,
      86.64550475566595,
      91.86607937866954
    ],
    "blur_scores": [
      0.0,
      0.0,
      0.0,
      0.0,
      0.0,
      0.0,
      0.0,
      0.0,
      0.0,
      0.0,
      0.0,
      0.0,
      0.0,
      0.0,
      0.0,
      0.0,
      0.0,
      0.0,
      0.0,
      0.0,
      0.0,
      0.0,
      0.0,
      0.0,
      0.0,
      0.0,
      0.0,
      0.0,
      0.0,
      0.0
    ],
    "frame_indices": [
      0,
      10,
      20,
      30,
      41,
      51,
      61,
      72,
      82,
      92,
      103,
      113,
      123,
      134,
      144,
      154,
      164,
      175,
      185,
      195,
      206,
      216,
      226,
      237,
      247,
      257,
      268,
      278,
      288,
      299
    ]
  },
  "temporal": {
    "flickering": {
      "has_flickering": "False",
      "severity": "None",
      "brightness_std": 0.20113319230445223,
      "brightness_mean_change": 0.15830440822868844,
      "spike_frames": [],
      "num_spikes": 0,
      "dominant_frequency": 0.0033333333333333335,
      "brightness_values": [
        159.31247914255403,
        159.61067792727624,
        159.4103087625386,
        159.75720679012346,
        159.49771339699075,
        159.44294355227623,
        159.38699435763888,
        159.60077666859567,
        159.2576825327932,
        159.56027729552468,
        159.30004569347994,
        159.49293402777778,
        159.54433147665895,
        159.49141939139662,
        159.4524227189429,
        159.2480155285494,
        159.32311330536265,
        159.01919572241513,
        159.3224338107639,
        159.01602611400463,
        159.34673056520063,
        159.07976249035494,
        159.40585913387346,
        159.49296513310185,
        159.408709611304,
        159.40787434895833,
        159.34274389949846,
        159.278046875,
        158.6416478587963,
        158.98166630497684,
        158.78112750771604,
        159.07236328125,
        158.8522417534722,
        159.1320715181327,
        159.14836733217592,
        159.14759235146605,
        159.1432315779321,
        159.124122419946,
        159.1195307677469,
        158.81673538773148,
        159.05105227623457,
        158.858263044946,
        158.87322072723765,
        158.709697265625,
        159.02737606095678,
        159.0913934702932,
        159.0436269048997,
        159.06891119309412,
        159.05085455246913,
        158.998966169946,
        158.78295789930556,
        159.00588204089507,
        158.78200677565587,
        159.00394675925926,
        158.79176637249228,
        158.68925913869597,
        158.79931242766204,
        158.92813573013117,
        158.81992561246142,
        158.73825267650463,
        159.09556785300927,
        159.08899257330248,
        159.1614809992284,
        159.1894832658179,
        159.21799901138118,
        159.08540412808642,
        159.27815309124227,
        159.30052300347222,
        159.29770049672067,
        158.91233723958334,
        159.0833916859568,
        158.8513974488812,
        159.15628448109567,
        158.9497597173997,
        159.22427023051696,
        159.0016864390432,
        159.26225573881172,
        159.35357723283178,
        159.36004364390433,
        159.4043707802855,
        159.40810956790122,
        159.44635947145062,
        159.19193178530094,
        158.87424008969907,
        159.13216941550925,
        159.20559015721452,
        159.32246455439815,
        159.32848271122685,
        159.3851863908179,
        159.43382101176698,
        159.42353262442128,
        159.45978214216822,
        159.4829773099923,
        159.1940582802855,
        159.19449845679011,
        159.43114474826388,
        159.20405791859568,
        159.22088891300155,
        159.4209018132716,
        159.44154646508488,
        159.46751977237653,
        159.47526439525464,
        159.52410819347995,
        159.50319408275462,
        159.467820939429,
        159.24019639756943,
        159.47638370466822,
        159.2494519193673,
        159.48456464602623,
        159.54470920138888,
        159.14354287229938,
        159.12659637827932,
        159.02788049768517,
        159.37659722222222,
        159.14471607349537,
        159.46575858410495,
        159.5186540316358,
        159.50309522087193,
        159.52453703703705,
        159.51027994791667,
        159.48148341049384,
        159.26300624517748,
        159.53332597897378,
        159.5803219039352,
        159.186016951196,
        159.36973234953703,
        159.15030538676697,
        159.47406623746141,
        159.27611376350308,
        159.546746720679,
        159.3405111882716,
        159.64798044463734,
        159.68395073784723,
        159.6816010802469,
        159.7314151716821,
        159.7145546392747,
        159.68780176986883,
        159.46833116319445,
        159.50005714699074,
        159.36269458912037,
        159.6524528597608,
        159.4533151282793,
        159.76898497781636,
        159.82221438560956,
        159.81937319155094,
        159.8601944685571,
        159.85162241994598,
        159.83402777777778,
        159.62807412229938,
        159.87223668981483,
        159.68252905574846,
        159.9062079234182,
        159.3224591290509,
        159.7672639371142,
        159.82219147858797,
        159.86611918885032,
        159.9141682339892,
        159.95797465760032,
        159.98865969810956,
        159.79547224633487,
        160.044444685571,
        159.84462106963736,
        160.0857489390432,
        159.88221607349536,
        160.1603010464892,
        159.33476695119597,
        159.46708574459876,
        159.82986942997684,
        159.66329161844135,
        160.1143032648534,
        160.162272738233,
        160.23568347318673,
        160.27435100790896,
        160.30096366222995,
        160.03359700520832,
        160.28034372588735,
        160.04516420717593,
        160.31305471161266,
        160.32421392746915,
        160.14370334201388,
        159.85337323977623,
        160.14751675829476,
        159.98516251929013,
        160.29284939236112,
        160.10522991415894,
        160.42730565200617,
        160.40790786554783,
