{
  "metadata": {
    "width": 1920,
    "height": 1080,
    "fps": 18.0,
    "frame_count": 102,
    "duration": 5.666666666666667,
    "codec": "h264",
    "file_size_mb": 3.4984350204467773
  },
  "quality": {
    "quality_score": 0.2886344362261136,
    "raw_score": 0.11500079184770584,
    "interpretation": "Fair",
    "description": "Acceptable quality with noticeable distortions",
    "model_used": "FasterVQA"
  },
  "resolution": {
    "nominal_resolution": "1920x1080",
    "nominal_width": 1920,
    "nominal_height": 1080,
    "total_pixels": 2073600,
    "average_sharpness": 7.833978787403398,
    "min_sharpness": 6.350132031067662,
    "max_sharpness": 13.493941774964306,
    "sharpness_std": 1.3525779790039414,
    "sharpness_quality": "Poor",
    "average_blur": 0.0,
    "min_blur": 0.0,
    "max_blur": 0.0,
    "blur_std": 0.0,
    "blur_quality": "Excellent",
    "has_excessive_blur": "False",
    "average_edge_density": 0.0007596129115226336,
    "potentially_upscaled": false,
    "sharpness_scores": [
      13.493941774964306,
      9.305297871418233,
      6.625993340664433,
      6.405011971201447,
      6.350132031067662,
      6.426358856276522,
      6.737377976461352,
      6.641750578658123,
      6.852626826382629,
      6.944259246085669,
      6.8421652423790595,
      6.984871234434825,
      7.124619486472046,
      7.149603081745836,
      8.034602131807718,
      8.675319247732816,
      6.88112991448804,
      7.739603105391488,
      8.682021121762116,
      8.53843843666406,
      7.8265272642003385,
      7.921980109110503,
      8.88025847680363,
      8.698920219007416,
      8.135693465864186,
      8.150873355974433,
      8.679326290512375,
      8.35540795794619,
      7.9770899943201306,
      7.958163012304368
    ],
    "blur_scores": [
      0.0,
      0.0,
      0.0,
      0.0,
      0.0,
      0.0,
      0.0,
      0.0,
      0.0,
      0.0,
      0.0,
      0.0,
      0.0,
      0.0,
      0.0,
      0.0,
      0.0,
      0.0,
      0.0,
      0.0,
      0.0,
      0.0,
      0.0,
      0.0,
      0.0,
      0.0,
      0.0,
      0.0,
      0.0,
      0.0
    ],
    "frame_indices": [
      0,
      3,
      6,
      10,
      13,
      17,
      20,
      24,
      27,
      31,
      34,
      38,
      41,
      45,
      48,
      52,
      55,
      59,
      62,
      66,
      69,
      73,
      76,
      80,
      83,
      87,
      90,
      94,
      97,
      101
    ]
  },
  "temporal": {
    "flickering": {
      "has_flickering": "False",
      "severity": "None",
      "brightness_std": 0.27072259217811323,
      "brightness_mean_change": 0.2185494782117107,
      "spike_frames": [],
      "num_spikes": 0,
      "dominant_frequency": 0.00980392156862745,
      "brightness_values": [
        84.88998794367284,
        84.57675925925926,
        84.84864920910493,
        84.7929827353395,
        85.36807098765432,
        85.61067997685186,
        85.32853057484567,
        85.78858458719135,
        85.8697159529321,
        85.95614293981481,
        85.52702208719136,
        85.92247588734568,
        86.01922260802469,
        86.02266203703704,
        86.40872492283951,
        85.85363618827161,
        85.7189023919753,
        85.77901379243828,
        85.82971064814815,
        85.51729793595679,
        85.58088589891975,
        85.46109953703704,
        85.62041232638889,
        85.3168359375,
        85.02830054012345,
        85.16914496527778,
        85.47831934799383,
        85.41210696373457,
        85.32123312114197,
        85.22475067515433,
        85.30629050925926,
        84.9056211419753,
        84.86258053626543,
        85.34173900462963,
        85.30741753472222,
        85.46870852623456,
        85.57932966820988,
        85.6658347800926,
        85.58273582175926,
        85.72110966435186,
        85.38228202160494,
        85.62575135030865,
        85.32727478780865,
        85.37019820601851,
        84.81633680555555,
        85.14053433641975,
        85.3071445794753,
        85.46892168209877,
        85.43059365354938,
        85.0972902199074,
        85.19243103780865,
        85.45133101851852,
        85.24104648919753,
        85.44165798611111,
        85.99547405478395,
        85.5348543595679,
        84.94495273919753,
        85.34174913194444,
        85.287109375,
        85.65174575617284,
        85.45107880015432,
        85.89586950231481,
        85.71472752700618,
        85.70146846064814,
        85.79490403163581,
        86.02305073302469,
        85.66479311342593,
        85.53477864583333,
        85.17872251157408,
        85.16179060570988,
        85.14281201774692,
        85.27134982638889,
        85.36842785493828,
        85.56104456018518,
        85.64890480324074,
        85.71787663966049,
        85.69052662037036,
        85.74472945601852,
        85.95452690972222,
        85.96053192515433,
        86.32684510030865,
        85.8134939236111,
        85.60962673611111,
        85.84267023533951,
        85.9649647955247,
        85.86194106867283,
        85.82720920138888,
        85.96788532021606,
        86.1997762345679,
        86.15491222993828,
        86.08799768518519,
        85.798192033179,
        85.43278983410494,
        85.54842255015433,
        85.2313069058642,
        85.51786603009259,
        85.25508005401234,
        85.79257040895062,
        86.08361352237654,
        86.04883825231481,
        85.81565779320988,
        86.4440552662037
      ]
    },
    "jitter": {
      "has_jitter": false,
      "severity": "None",
      "motion_std": "0.04421642",
      "motion_mean": "0.17616476",
      "ssim_mean": 0.9600104455648705,
      "ssim_min": 0.8933753274124846,
      "num_sudden_changes": 0,
      "num_ssim_drops": 0,