{
  "metadata": {
    "width": 1280,
    "height": 720,
    "fps": 30.0,
    "frame_count": 211,
    "duration": 7.033333333333333,
    "codec": "h264",
    "file_size_mb": 2.050640106201172
  },
  "quality": {
    "quality_score": 0.15432768132043023,
    "raw_score": 0.08612828701734543,
    "interpretation": "Poor",
    "description": "Low quality video with significant distortions",
    "model_used": "FasterVQA"
  },
  "resolution": {
    "nominal_resolution": "1280x720",
    "nominal_width": 1280,
    "nominal_height": 720,
    "total_pixels": 921600,
    "average_sharpness": 520.2872398221003,
    "min_sharpness": 334.166376671684,
    "max_sharpness": 939.0233358141478,
    "sharpness_std": 126.59788321916916,
    "sharpness_quality": "Excellent",
    "average_blur": 0.0,
    "min_blur": 0.0,
    "max_blur": 0.0,
    "blur_std": 0.0,
    "blur_quality": "Excellent",
    "has_excessive_blur": "False",
    "average_edge_density": 0.05304134114583333,
    "potentially_upscaled": false,
    "sharpness_scores": [
      470.363561206276,
      464.1338786192893,
      463.10412259125417,
      481.834082951156,
      458.2467178736369,
      463.8766586066246,
      457.758217322115,
      467.11163059064035,
      464.6068067542171,
      454.3425751734968,
      453.37658460184286,
      334.166376671684,
      487.28106287065685,
      358.8573174826998,
      364.07607923109265,
      546.3846146496244,
      912.5495479095415,
      562.3574032286641,
      557.1587508436414,
      554.4839916896821,
      558.8313642652428,
      553.727394405731,
      939.0233358141478,
      555.8267476248553,
      562.5951859822403,
      553.9766356251988,
      565.1866771172229,
      567.2258918447978,
      563.0913063599376,
      413.06267475580177
    ],
    "blur_scores": [
      0.0,
      0.0,
      0.0,
      0.0,
      0.0,
      0.0,
      0.0,
      0.0,
      0.0,
      0.0,
      0.0,
      0.0,
      0.0,
      0.0,
      0.0,
      0.0,
      0.0,
      0.0,
      0.0,
      0.0,
      0.0,
      0.0,
      0.0,
      0.0,
      0.0,
      0.0,
      0.0,
      0.0,
      0.0,
      0.0
    ],
    "frame_indices": [
      0,
      7,
      14,
      21,
      28,
      36,
      43,
      50,
      57,
      65,
      72,
      79,
      86,
      94,
      101,
      108,
      115,
      123,
      130,
      137,
      144,
      152,
      159,
      166,
      173,
      181,
      188,
      195,
      202,
      210
    ]
  },
  "temporal": {
    "flickering": {
      "has_flickering": "False",
      "severity": "None",
      "brightness_std": 8.2173869853338,
      "brightness_mean_change": 2.0060895595651456,
      "spike_frames": [
        75,
        76,
        93,
        101
      ],
      "num_spikes": 4,
      "dominant_frequency": 0.004739336492890996,
      "brightness_values": [
        87.36236328125,
        89.40437934027777,
        89.5415158420139,
        88.64107747395833,
        90.26323567708333,
        90.47849392361111,
        89.24779947916667,
        89.718994140625,
        89.72386827256945,
        89.51414930555555,
        90.04610026041667,
        90.1014453125,
        90.71953450520833,
        89.60208224826388,
        89.92328125,
        89.34715386284722,
        88.98866970486111,
        89.12507269965278,
        95.54629448784722,
        95.28631727430556,
        95.47563368055556,
        95.71617513020833,
        90.43430447048611,
        89.12889756944445,
        89.179384765625,
        89.8627734375,
        88.25606119791667,
        89.17216145833333,
        89.40352756076389,
        88.17810546875,
        88.74072916666667,
        89.01391276041667,
        89.18785698784723,
        90.17298394097222,
        88.31013020833333,
        88.20686848958333,
        88.55218532986112,
        88.23622938368055,
        88.5055685763889,
        88.67263020833333,
        87.40543402777777,
        87.41861979166667,
        87.30979926215278,
        88.35073133680555,
        87.73670789930556,
        88.36696723090277,
        88.906142578125,
        88.01431640625,
        88.5460959201389,
        88.09266167534722,
        89.33635308159722,
        88.85328993055556,
        87.52375651041666,
        87.49115559895833,
        88.80109483506945,
        88.2994140625,
        88.49906575520833,
        89.49871419270833,
        87.87535807291667,
        87.48822808159723,
        87.16636284722222,
        86.57591145833334,
        86.636357421875,
        86.91158094618055,
        87.93959743923611,
        86.95696506076389,
        88.30054578993055,
        88.21222764756945,
        88.08839952256945,
        95.09026801215278,
        87.20470594618055,
        87.27064561631944,
        87.65074110243056,
        87.08604058159722,
        95.35780598958333,
        95.35643012152778,
        25.071553819444443,
        104.03517903645833,
        100.55287217881944,
        100.43703450520833,
        100.457119140625,
        95.80771592881945,
        97.40401909722222,
        98.95506184895834,
        97.62766167534723,
        96.54832139756944,
        96.78536892361112,
        97.70201714409723,
        97.2483083767361,
        97.27239366319445,
        97.42636935763889,
        97.0532345920139,
        98.23371961805556,
        101.00173936631944,
        64.77153971354167,
        69.850068359375,
        69.5694552951389,
        72.7527029079861,
        74.73022569444444,
        73.57669596354167,
        74.27796983506944,
        72.10503038194445,
        105.43244900173612,
        97.59640082465278,
        99.10397569444444,
        99.15600260416667,
        96.96645290798611,
        96.95956922743055,
        96.96855143229166,
        98.11557834201389,
        96.45401909722223,
        95.88786241319444,
        96.52392795138888,
        97.81412760416667,
        97.82348198784722,
        96.18046766493056,
        97.65677734375,
        97.64915581597222,
        97.63731228298612,
        97.5501974826389,
        97.79170247395834,
        97.441982421875,
        97.82300564236111,
        97.99331163194445,
        98.48683810763889,
        98.25161241319445,
        98.33171875,
        98.24666558159723,
        96.92901150173611,
        98.05206271701388,
        95.92762912326388,
        95.68531358506945,
        96.21595811631944,
        96.41261067708334,
        95.70211371527778,
        95.20876627604167,
        95.53568142361111,
        96.420625,
        96.56677300347222,
        96.07775824652778,
        96.30322916666667,
        97.25202690972222,
        97.18011610243056,
        96.1689333767361,
        97.030654296875,
        97.23513346354167,
        96.11342556423611,
        98.82583333333334,
        96.202578125,
        96.03369140625,
        98.87370225694444,
        96.33931098090278,
        97.28725260416667,
        97.24111870659722,
        95.76031358506944,
        98.55994683159722,
        97.296298828125,
        97.72499891493055,
        96.37994466145834,
        96.08152018229167,
        96.45208875868056,
        97.02246853298611,
        97.13799153645833,
        96.11197482638889,
        96.42765190972223,
        96.56537868923611,
        96.71995225694444,
        95.97975260416666,
        95.67844292534723,
        95.19463975694444,
        96.06195421006944,
        96.059248046875,
        96.10161024305556,
        97.46479600694444,
        96.85692057291666,
        97.14931966145834,
        96.79071072048612,
        96.97643229166667,
        96.18205403645834,
        96.00377061631944,
        99.2098068576389,
        96.89484809027778,
        95.6641579861111,
        95.59265082465278,
        95.90084092881945,
        95.80928168402778,
        95.51603190104167,
        95.32782335069444,
        96.02249240451388,
        95.72999457465278,
        95.40275282118056,
        95.1581911892361,
        96.50040364583333,
