{
  "metadata": {
    "width": 1920,
    "height": 1080,
    "fps": 18.0,
    "frame_count": 86,
    "duration": 4.777777777777778,
    "codec": "h264",
    "file_size_mb": 2.82517147064209,
    "bitrate": 4960309
  },
  "quality": {
    "quality_score": 0.1444408163438621,
    "raw_score": 0.0833158791065216,
    "interpretation": "Poor",
    "description": "Low quality video with significant distortions",
    "model_used": "FasterVQA"
  },
  "resolution": {
    "nominal_resolution": "1920x1080",
    "nominal_width": 1920,
    "nominal_height": 1080,
    "total_pixels": 2073600,
    "average_sharpness": 9.492937325030093,
    "min_sharpness": 3.0575737819590803,
    "max_sharpness": 31.448074197366523,
    "sharpness_std": 5.692925616656813,
    "sharpness_quality": "Poor",
    "average_blur": 0.07746934033412455,
    "min_blur": 0.07093461452654445,
    "max_blur": 0.0837132180740719,
    "blur_std": 0.0025316888874145856,
    "blur_quality": "Excellent",
    "clarity_score": 0.38528587070925896,
    "clarity_quality": "Poor",
    "has_excessive_blur": false,
    "average_edge_density": 0.0009507941100823044,
    "potentially_upscaled": true,
    "is_oversharpened": false,
    "sharpness_scores": [
      31.448074197366523,
      12.980511152168674,
      6.299638770803632,
      3.0575737819590803,
      3.845566538886107,
      5.7326329544930195,
      5.686239777127399,
      10.806872579338583,
      7.311927856939283,
      7.757629133742476,
      6.153354048296737,
      10.03724874578824,
      6.033386847825029,
      7.758872953185201,
      6.065333717572014,
      6.242579566869514,
      20.294460717792045,
      6.531927542509855,
      16.41251590360138,
      7.497021122294237,
      13.21970050350027,
      7.186638494839552,
      6.753702204471284,
      6.3907262595280345,
      13.128056516131322,
      6.982266086182189,
      15.133355989644503,
      6.538298964283123,
      14.678911286022505,
      6.823095537740985
    ],
    "blur_scores": [
      0.07093461452654445,
      0.0746681426783774,
      0.07841068070210196,
      0.0837132180740719,
      0.0813756727895665,
      0.07921103547964232,
      0.07946568960502755,
      0.07640426299428664,
      0.07857369060473653,
      0.07805026373604397,
      0.07881982972827739,
      0.0765107337744807,
      0.0792091113507719,
      0.07785898643329453,
      0.07898500737104146,
      0.0791226742135348,
      0.07306968501354844,
      0.07878628596665199,
      0.07434066974005255,
      0.07806666028829236,
      0.07531954682484397,
      0.07856860978397343,
      0.0783112991642738,
      0.07885625712801073,
      0.0750920881150961,
      0.07819877282874647,
      0.07422499002306984,
      0.07835810174473186,
      0.07454584055318492,
      0.07702778878746058
    ],
    "frame_indices": [
      0,
      2,
      5,
      8,
      11,
      14,
      17,
      20,
      23,
      26,
      29,
      32,
      35,
      38,
      41,
      43,
      46,
      49,
      52,
      55,
      58,
      61,
      64,
      67,
      70,
      73,
      76,
      79,
      82,
      85
    ]
  },
  "temporal": {
    "flickering": {
      "has_flickering": false,
      "severity": "None",
      "brightness_std": 0.9886178874191335,
      "brightness_mean_change": 0.640191647376543,
      "spike_frames": [],
      "num_spikes": 0,
      "dominant_frequency": 0.011627906976744186,
      "brightness_values": [
        86.6656110146605,
        89.80779610339506,
        85.50222993827161,
        86.17043885030864,
        87.72244743441358,
        89.01243296682098,
        91.0798900462963,
        94.62081259645062,
        96.44031105324073,
        97.9790663580247,
        98.74957272376543,
        100.02721305941358,
        100.54252073688272,
        100.25902199074073,
        99.0895490933642,
        98.60159625771605,
        96.97802951388888,
        96.21912085262346,
        95.56756703317902,
        95.90120563271606,
        96.19975163966049,
        96.28111304012346,
        96.32037808641975,
        96.78128713348765,
        97.0949112654321,
        97.16363136574074,
        96.81270785108025,
        97.00022328317901,
        97.59975308641975,
        97.9233772183642,
        97.71885513117284,
        97.1161222029321,
        96.16308690200617,
        96.15839313271604,
        96.07110628858025,
        96.34391010802469,
        97.08504147376543,
        98.89726466049383,
        100.29409818672839,
        100.24660011574075,
        99.74418933256173,
        99.16676552854938,
        99.37640914351852,
        98.94929060570988,
        98.43676986882716,
        98.09687114197531,
        97.53074074074074,
        97.80208863811728,
        97.87426745756173,
        98.12259645061728,
        98.58213927469136,
        99.07746190200618,
        99.03670187114197,
        99.3536680169753,
        99.68354311342593,
        99.36075810185186,
        99.04283805941358,
        99.49953703703704,
        99.6723722029321,
        99.95435522762345,
        99.5041869212963,
        99.16070119598766,
        99.43005690586419,
        100.1636366705247,
        100.84882860725308,
        101.13548514660494,
        101.0990412808642,
        100.63340422453703,
        99.78562355324074,
        99.51817949459877,
        99.28979890046297,
        99.15392505787037,
        99.02540557484568,
        98.82853202160494,
        98.82907021604939,
        98.76057725694444,
        98.57053867669752,
        99.19950038580247,
        99.42238522376543,
        99.77140817901234,
        100.16661313657407,
        100.44112702546296,
        100.7083063271605,
        100.95566888503086,
        101.15261284722222,
        104.08726273148149
      ]
    },
    "jitter": {
      "has_jitter": false,
      "severity": "None",
      "motion_std": 0.05000234395265579,
      "motion_mean": 0.2248857617378235,
      "ssim_mean": 0.9554505346764466,
      "ssim_min": 0.8911432372716975,
      "num_sudden_changes": 0,
      "num_ssim_drops": 0,